full_name,email,username,password,phone,roll_number,date_of_birth,gender,guardian_name,guardian_phone,guardian_email,academic_year_label,course_code,branch_code,class_name,section_name
Ananya Sharma,ananya.sharma.001@student.scholaris.demo.edu,ananya.sharma.001,Demo@123,9000000001,CSE26A001,2007-02-02,female,Sara Sharma,9100000001,parent.ananya.sharma.001@scholaris.demo.edu,2026-27,BTECH,CSE,CSE Semester 1,A
Rohan Sharma,rohan.sharma.002@student.scholaris.demo.edu,rohan.sharma.002,Demo@123,9000000002,CSE26B002,2007-03-03,male,Ishan Sharma,9100000002,parent.rohan.sharma.002@scholaris.demo.edu,2026-27,BTECH,CSE,CSE Semester 1,B
Meera Sharma,meera.sharma.003@student.scholaris.demo.edu,meera.sharma.003,Demo@123,9000000003,CSE26A003,2007-04-04,female,Aarav Sharma,9100000003,parent.meera.sharma.003@scholaris.demo.edu,2026-27,BTECH,CSE,CSE Semester 2,A
Karthik Sharma,karthik.sharma.004@student.scholaris.demo.edu,karthik.sharma.004,Demo@123,9000000004,CSE26B004,2007-05-05,male,Kiara Sharma,9100000004,parent.karthik.sharma.004@scholaris.demo.edu,2026-27,BTECH,CSE,CSE Semester 2,B
Diya Sharma,diya.sharma.005@student.scholaris.demo.edu,diya.sharma.005,Demo@123,9000000005,AIML26A005,2007-06-06,female,Vivaan Sharma,9100000005,parent.diya.sharma.005@scholaris.demo.edu,2026-27,BTECH,AIML,AIML Semester 1,A
Arjun Sharma,arjun.sharma.006@student.scholaris.demo.edu,arjun.sharma.006,Demo@123,9000000006,AIML26B006,2007-07-07,male,Saanvi Sharma,9100000006,parent.arjun.sharma.006@scholaris.demo.edu,2026-27,BTECH,AIML,AIML Semester 1,B
Nisha Sharma,nisha.sharma.007@student.scholaris.demo.edu,nisha.sharma.007,Demo@123,9000000007,AIML26A007,2007-08-08,female,Aditya Sharma,9100000007,parent.nisha.sharma.007@scholaris.demo.edu,2026-27,BTECH,AIML,AIML Semester 2,A
Dev Sharma,dev.sharma.008@student.scholaris.demo.edu,dev.sharma.008,Demo@123,9000000008,AIML26B008,2007-09-09,male,Ira Sharma,9100000008,parent.dev.sharma.008@scholaris.demo.edu,2026-27,BTECH,AIML,AIML Semester 2,B
Sara Sharma,sara.sharma.009@student.scholaris.demo.edu,sara.sharma.009,Demo@123,9000000009,ECE26A009,2007-10-10,female,Kabir Sharma,9100000009,parent.sara.sharma.009@scholaris.demo.edu,2026-27,BTECH,ECE,ECE Semester 1,A
Ishan Sharma,ishan.sharma.010@student.scholaris.demo.edu,ishan.sharma.010,Demo@123,9000000010,ECE26B010,2007-11-11,male,Tara Sharma,9100000010,parent.ishan.sharma.010@scholaris.demo.edu,2026-27,BTECH,ECE,ECE Semester 1,B
Aarav Sharma,aarav.sharma.011@student.scholaris.demo.edu,aarav.sharma.011,Demo@123,9000000011,ECE26A011,2007-12-12,female,Reyansh Sharma,9100000011,parent.aarav.sharma.011@scholaris.demo.edu,2026-27,BTECH,ECE,ECE Semester 2,A
Kiara Sharma,kiara.sharma.012@student.scholaris.demo.edu,kiara.sharma.012,Demo@123,9000000012,ECE26B012,2007-01-13,male,Myra Sharma,9100000012,parent.kiara.sharma.012@scholaris.demo.edu,2026-27,BTECH,ECE,ECE Semester 2,B
Vivaan Sharma,vivaan.sharma.013@student.scholaris.demo.edu,vivaan.sharma.013,Demo@123,9000000013,MECH26A013,2007-02-14,female,Aisha Sharma,9100000013,parent.vivaan.sharma.013@scholaris.demo.edu,2026-27,BTECH,MECH,MECH Semester 1,A
Saanvi Sharma,saanvi.sharma.014@student.scholaris.demo.edu,saanvi.sharma.014,Demo@123,9000000014,MECH26B014,2007-03-15,male,Nikhil Sharma,9100000014,parent.saanvi.sharma.014@scholaris.demo.edu,2026-27,BTECH,MECH,MECH Semester 1,B
Aditya Sharma,aditya.sharma.015@student.scholaris.demo.edu,aditya.sharma.015,Demo@123,9000000015,MECH26A015,2007-04-16,female,Pranav Sharma,9100000015,parent.aditya.sharma.015@scholaris.demo.edu,2026-27,BTECH,MECH,MECH Semester 2,A
Ira Sharma,ira.sharma.016@student.scholaris.demo.edu,ira.sharma.016,Demo@123,9000000016,MECH26B016,2007-05-17,male,Ritika Sharma,9100000016,parent.ira.sharma.016@scholaris.demo.edu,2026-27,BTECH,MECH,MECH Semester 2,B
Kabir Sharma,kabir.sharma.017@student.scholaris.demo.edu,kabir.sharma.017,Demo@123,9000000017,CA26A017,2007-06-18,female,Varun Sharma,9100000017,parent.kabir.sharma.017@scholaris.demo.edu,2026-27,BCA,CA,CA Semester 1,A
Tara Sharma,tara.sharma.018@student.scholaris.demo.edu,tara.sharma.018,Demo@123,9000000018,CA26B018,2007-07-19,male,Sneha Sharma,9100000018,parent.tara.sharma.018@scholaris.demo.edu,2026-27,BCA,CA,CA Semester 1,B
Reyansh Sharma,reyansh.sharma.019@student.scholaris.demo.edu,reyansh.sharma.019,Demo@123,9000000019,CA26A019,2007-08-20,female,Yash Sharma,9100000019,parent.reyansh.sharma.019@scholaris.demo.edu,2026-27,BCA,CA,CA Semester 2,A
Myra Sharma,myra.sharma.020@student.scholaris.demo.edu,myra.sharma.020,Demo@123,9000000020,CA26B020,2007-09-21,male,Pooja Sharma,9100000020,parent.myra.sharma.020@scholaris.demo.edu,2026-27,BCA,CA,CA Semester 2,B
Aisha Sharma,aisha.sharma.021@student.scholaris.demo.edu,aisha.sharma.021,Demo@123,9000000021,BA26A021,2007-10-22,female,Harsh Sharma,9100000021,parent.aisha.sharma.021@scholaris.demo.edu,2026-27,BBA,BA,BA Semester 1,A
Nikhil Sharma,nikhil.sharma.022@student.scholaris.demo.edu,nikhil.sharma.022,Demo@123,9000000022,BA26B022,2007-11-23,male,Neha Sharma,9100000022,parent.nikhil.sharma.022@scholaris.demo.edu,2026-27,BBA,BA,BA Semester 1,B
Pranav Sharma,pranav.sharma.023@student.scholaris.demo.edu,pranav.sharma.023,Demo@123,9000000023,BA26A023,2007-12-24,female,Ananya Sharma,9100000023,parent.pranav.sharma.023@scholaris.demo.edu,2026-27,BBA,BA,BA Semester 2,A
Ritika Sharma,ritika.sharma.024@student.scholaris.demo.edu,ritika.sharma.024,Demo@123,9000000024,BA26B024,2007-01-25,male,Rohan Sharma,9100000024,parent.ritika.sharma.024@scholaris.demo.edu,2026-27,BBA,BA,BA Semester 2,B
Varun Sharma,varun.sharma.025@student.scholaris.demo.edu,varun.sharma.025,Demo@123,9000000025,AT26A025,2007-02-26,female,Meera Sharma,9100000025,parent.varun.sharma.025@scholaris.demo.edu,2026-27,BCOM,AT,AT Semester 1,A
Sneha Sharma,sneha.sharma.026@student.scholaris.demo.edu,sneha.sharma.026,Demo@123,9000000026,AT26B026,2007-03-27,male,Karthik Sharma,9100000026,parent.sneha.sharma.026@scholaris.demo.edu,2026-27,BCOM,AT,AT Semester 1,B
Yash Sharma,yash.sharma.027@student.scholaris.demo.edu,yash.sharma.027,Demo@123,9000000027,AT26A027,2007-04-01,female,Diya Sharma,9100000027,parent.yash.sharma.027@scholaris.demo.edu,2026-27,BCOM,AT,AT Semester 2,A
Pooja Sharma,pooja.sharma.028@student.scholaris.demo.edu,pooja.sharma.028,Demo@123,9000000028,AT26B028,2007-05-02,male,Arjun Sharma,9100000028,parent.pooja.sharma.028@scholaris.demo.edu,2026-27,BCOM,AT,AT Semester 2,B
Harsh Sharma,harsh.sharma.029@student.scholaris.demo.edu,harsh.sharma.029,Demo@123,9000000029,SE26A029,2004-06-03,female,Nisha Sharma,9100000029,parent.harsh.sharma.029@scholaris.demo.edu,2026-27,MCA,SE,SE Semester 1,A
Neha Sharma,neha.sharma.030@student.scholaris.demo.edu,neha.sharma.030,Demo@123,9000000030,SE26B030,2004-07-04,male,Dev Sharma,9100000030,parent.neha.sharma.030@scholaris.demo.edu,2026-27,MCA,SE,SE Semester 1,B
Ananya Kumar,ananya.kumar.031@student.scholaris.demo.edu,ananya.kumar.031,Demo@123,9000000031,SE26A031,2004-08-05,female,Sara Kumar,9100000031,parent.ananya.kumar.031@scholaris.demo.edu,2026-27,MCA,SE,SE Semester 2,A
Rohan Kumar,rohan.kumar.032@student.scholaris.demo.edu,rohan.kumar.032,Demo@123,9000000032,SE26B032,2004-09-06,male,Ishan Kumar,9100000032,parent.rohan.kumar.032@scholaris.demo.edu,2026-27,MCA,SE,SE Semester 2,B
Meera Kumar,meera.kumar.033@student.scholaris.demo.edu,meera.kumar.033,Demo@123,9000000033,CSE26A033,2007-10-07,female,Aarav Kumar,9100000033,parent.meera.kumar.033@scholaris.demo.edu,2026-27,BTECH,CSE,CSE Semester 1,A
Karthik Kumar,karthik.kumar.034@student.scholaris.demo.edu,karthik.kumar.034,Demo@123,9000000034,CSE26B034,2007-11-08,male,Kiara Kumar,9100000034,parent.karthik.kumar.034@scholaris.demo.edu,2026-27,BTECH,CSE,CSE Semester 1,B
Diya Kumar,diya.kumar.035@student.scholaris.demo.edu,diya.kumar.035,Demo@123,9000000035,CSE26A035,2007-12-09,female,Vivaan Kumar,9100000035,parent.diya.kumar.035@scholaris.demo.edu,2026-27,BTECH,CSE,CSE Semester 2,A
Arjun Kumar,arjun.kumar.036@student.scholaris.demo.edu,arjun.kumar.036,Demo@123,9000000036,CSE26B036,2007-01-10,male,Saanvi Kumar,9100000036,parent.arjun.kumar.036@scholaris.demo.edu,2026-27,BTECH,CSE,CSE Semester 2,B
Nisha Kumar,nisha.kumar.037@student.scholaris.demo.edu,nisha.kumar.037,Demo@123,9000000037,AIML26A037,2007-02-11,female,Aditya Kumar,9100000037,parent.nisha.kumar.037@scholaris.demo.edu,2026-27,BTECH,AIML,AIML Semester 1,A
Dev Kumar,dev.kumar.038@student.scholaris.demo.edu,dev.kumar.038,Demo@123,9000000038,AIML26B038,2007-03-12,male,Ira Kumar,9100000038,parent.dev.kumar.038@scholaris.demo.edu,2026-27,BTECH,AIML,AIML Semester 1,B
Sara Kumar,sara.kumar.039@student.scholaris.demo.edu,sara.kumar.039,Demo@123,9000000039,AIML26A039,2007-04-13,female,Kabir Kumar,9100000039,parent.sara.kumar.039@scholaris.demo.edu,2026-27,BTECH,AIML,AIML Semester 2,A
Ishan Kumar,ishan.kumar.040@student.scholaris.demo.edu,ishan.kumar.040,Demo@123,9000000040,AIML26B040,2007-05-14,male,Tara Kumar,9100000040,parent.ishan.kumar.040@scholaris.demo.edu,2026-27,BTECH,AIML,AIML Semester 2,B
Aarav Kumar,aarav.kumar.041@student.scholaris.demo.edu,aarav.kumar.041,Demo@123,9000000041,ECE26A041,2007-06-15,female,Reyansh Kumar,9100000041,parent.aarav.kumar.041@scholaris.demo.edu,2026-27,BTECH,ECE,ECE Semester 1,A
Kiara Kumar,kiara.kumar.042@student.scholaris.demo.edu,kiara.kumar.042,Demo@123,9000000042,ECE26B042,2007-07-16,male,Myra Kumar,9100000042,parent.kiara.kumar.042@scholaris.demo.edu,2026-27,BTECH,ECE,ECE Semester 1,B
Vivaan Kumar,vivaan.kumar.043@student.scholaris.demo.edu,vivaan.kumar.043,Demo@123,9000000043,ECE26A043,2007-08-17,female,Aisha Kumar,9100000043,parent.vivaan.kumar.043@scholaris.demo.edu,2026-27,BTECH,ECE,ECE Semester 2,A
Saanvi Kumar,saanvi.kumar.044@student.scholaris.demo.edu,saanvi.kumar.044,Demo@123,9000000044,ECE26B044,2007-09-18,male,Nikhil Kumar,9100000044,parent.saanvi.kumar.044@scholaris.demo.edu,2026-27,BTECH,ECE,ECE Semester 2,B
Aditya Kumar,aditya.kumar.045@student.scholaris.demo.edu,aditya.kumar.045,Demo@123,9000000045,MECH26A045,2007-10-19,female,Pranav Kumar,9100000045,parent.aditya.kumar.045@scholaris.demo.edu,2026-27,BTECH,MECH,MECH Semester 1,A
Ira Kumar,ira.kumar.046@student.scholaris.demo.edu,ira.kumar.046,Demo@123,9000000046,MECH26B046,2007-11-20,male,Ritika Kumar,9100000046,parent.ira.kumar.046@scholaris.demo.edu,2026-27,BTECH,MECH,MECH Semester 1,B
Kabir Kumar,kabir.kumar.047@student.scholaris.demo.edu,kabir.kumar.047,Demo@123,9000000047,MECH26A047,2007-12-21,female,Varun Kumar,9100000047,parent.kabir.kumar.047@scholaris.demo.edu,2026-27,BTECH,MECH,MECH Semester 2,A
Tara Kumar,tara.kumar.048@student.scholaris.demo.edu,tara.kumar.048,Demo@123,9000000048,MECH26B048,2007-01-22,male,Sneha Kumar,9100000048,parent.tara.kumar.048@scholaris.demo.edu,2026-27,BTECH,MECH,MECH Semester 2,B
Reyansh Kumar,reyansh.kumar.049@student.scholaris.demo.edu,reyansh.kumar.049,Demo@123,9000000049,CA26A049,2007-02-23,female,Yash Kumar,9100000049,parent.reyansh.kumar.049@scholaris.demo.edu,2026-27,BCA,CA,CA Semester 1,A
Myra Kumar,myra.kumar.050@student.scholaris.demo.edu,myra.kumar.050,Demo@123,9000000050,CA26B050,2007-03-24,male,Pooja Kumar,9100000050,parent.myra.kumar.050@scholaris.demo.edu,2026-27,BCA,CA,CA Semester 1,B
Aisha Kumar,aisha.kumar.051@student.scholaris.demo.edu,aisha.kumar.051,Demo@123,9000000051,CA26A051,2007-04-25,female,Harsh Kumar,9100000051,parent.aisha.kumar.051@scholaris.demo.edu,2026-27,BCA,CA,CA Semester 2,A
Nikhil Kumar,nikhil.kumar.052@student.scholaris.demo.edu,nikhil.kumar.052,Demo@123,9000000052,CA26B052,2007-05-26,male,Neha Kumar,9100000052,parent.nikhil.kumar.052@scholaris.demo.edu,2026-27,BCA,CA,CA Semester 2,B
Pranav Kumar,pranav.kumar.053@student.scholaris.demo.edu,pranav.kumar.053,Demo@123,9000000053,BA26A053,2007-06-27,female,Ananya Kumar,9100000053,parent.pranav.kumar.053@scholaris.demo.edu,2026-27,BBA,BA,BA Semester 1,A
Ritika Kumar,ritika.kumar.054@student.scholaris.demo.edu,ritika.kumar.054,Demo@123,9000000054,BA26B054,2007-07-01,male,Rohan Kumar,9100000054,parent.ritika.kumar.054@scholaris.demo.edu,2026-27,BBA,BA,BA Semester 1,B
Varun Kumar,varun.kumar.055@student.scholaris.demo.edu,varun.kumar.055,Demo@123,9000000055,BA26A055,2007-08-02,female,Meera Kumar,9100000055,parent.varun.kumar.055@scholaris.demo.edu,2026-27,BBA,BA,BA Semester 2,A
Sneha Kumar,sneha.kumar.056@student.scholaris.demo.edu,sneha.kumar.056,Demo@123,9000000056,BA26B056,2007-09-03,male,Karthik Kumar,9100000056,parent.sneha.kumar.056@scholaris.demo.edu,2026-27,BBA,BA,BA Semester 2,B
Yash Kumar,yash.kumar.057@student.scholaris.demo.edu,yash.kumar.057,Demo@123,9000000057,AT26A057,2007-10-04,female,Diya Kumar,9100000057,parent.yash.kumar.057@scholaris.demo.edu,2026-27,BCOM,AT,AT Semester 1,A
Pooja Kumar,pooja.kumar.058@student.scholaris.demo.edu,pooja.kumar.058,Demo@123,9000000058,AT26B058,2007-11-05,male,Arjun Kumar,9100000058,parent.pooja.kumar.058@scholaris.demo.edu,2026-27,BCOM,AT,AT Semester 1,B
Harsh Kumar,harsh.kumar.059@student.scholaris.demo.edu,harsh.kumar.059,Demo@123,9000000059,AT26A059,2007-12-06,female,Nisha Kumar,9100000059,parent.harsh.kumar.059@scholaris.demo.edu,2026-27,BCOM,AT,AT Semester 2,A
Neha Kumar,neha.kumar.060@student.scholaris.demo.edu,neha.kumar.060,Demo@123,9000000060,AT26B060,2007-01-07,male,Dev Kumar,9100000060,parent.neha.kumar.060@scholaris.demo.edu,2026-27,BCOM,AT,AT Semester 2,B
Ananya Nair,ananya.nair.061@student.scholaris.demo.edu,ananya.nair.061,Demo@123,9000000061,SE26A061,2004-02-08,female,Sara Nair,9100000061,parent.ananya.nair.061@scholaris.demo.edu,2026-27,MCA,SE,SE Semester 1,A
Rohan Nair,rohan.nair.062@student.scholaris.demo.edu,rohan.nair.062,Demo@123,9000000062,SE26B062,2004-03-09,male,Ishan Nair,9100000062,parent.rohan.nair.062@scholaris.demo.edu,2026-27,MCA,SE,SE Semester 1,B
Meera Nair,meera.nair.063@student.scholaris.demo.edu,meera.nair.063,Demo@123,9000000063,SE26A063,2004-04-10,female,Aarav Nair,9100000063,parent.meera.nair.063@scholaris.demo.edu,2026-27,MCA,SE,SE Semester 2,A
Karthik Nair,karthik.nair.064@student.scholaris.demo.edu,karthik.nair.064,Demo@123,9000000064,SE26B064,2004-05-11,male,Kiara Nair,9100000064,parent.karthik.nair.064@scholaris.demo.edu,2026-27,MCA,SE,SE Semester 2,B
Diya Nair,diya.nair.065@student.scholaris.demo.edu,diya.nair.065,Demo@123,9000000065,CSE26A065,2007-06-12,female,Vivaan Nair,9100000065,parent.diya.nair.065@scholaris.demo.edu,2026-27,BTECH,CSE,CSE Semester 1,A
Arjun Nair,arjun.nair.066@student.scholaris.demo.edu,arjun.nair.066,Demo@123,9000000066,CSE26B066,2007-07-13,male,Saanvi Nair,9100000066,parent.arjun.nair.066@scholaris.demo.edu,2026-27,BTECH,CSE,CSE Semester 1,B
Nisha Nair,nisha.nair.067@student.scholaris.demo.edu,nisha.nair.067,Demo@123,9000000067,CSE26A067,2007-08-14,female,Aditya Nair,9100000067,parent.nisha.nair.067@scholaris.demo.edu,2026-27,BTECH,CSE,CSE Semester 2,A
Dev Nair,dev.nair.068@student.scholaris.demo.edu,dev.nair.068,Demo@123,9000000068,CSE26B068,2007-09-15,male,Ira Nair,9100000068,parent.dev.nair.068@scholaris.demo.edu,2026-27,BTECH,CSE,CSE Semester 2,B
Sara Nair,sara.nair.069@student.scholaris.demo.edu,sara.nair.069,Demo@123,9000000069,AIML26A069,2007-10-16,female,Kabir Nair,9100000069,parent.sara.nair.069@scholaris.demo.edu,2026-27,BTECH,AIML,AIML Semester 1,A
Ishan Nair,ishan.nair.070@student.scholaris.demo.edu,ishan.nair.070,Demo@123,9000000070,AIML26B070,2007-11-17,male,Tara Nair,9100000070,parent.ishan.nair.070@scholaris.demo.edu,2026-27,BTECH,AIML,AIML Semester 1,B
Aarav Nair,aarav.nair.071@student.scholaris.demo.edu,aarav.nair.071,Demo@123,9000000071,AIML26A071,2007-12-18,female,Reyansh Nair,9100000071,parent.aarav.nair.071@scholaris.demo.edu,2026-27,BTECH,AIML,AIML Semester 2,A
Kiara Nair,kiara.nair.072@student.scholaris.demo.edu,kiara.nair.072,Demo@123,9000000072,AIML26B072,2007-01-19,male,Myra Nair,9100000072,parent.kiara.nair.072@scholaris.demo.edu,2026-27,BTECH,AIML,AIML Semester 2,B
Vivaan Nair,vivaan.nair.073@student.scholaris.demo.edu,vivaan.nair.073,Demo@123,9000000073,ECE26A073,2007-02-20,female,Aisha Nair,9100000073,parent.vivaan.nair.073@scholaris.demo.edu,2026-27,BTECH,ECE,ECE Semester 1,A
Saanvi Nair,saanvi.nair.074@student.scholaris.demo.edu,saanvi.nair.074,Demo@123,9000000074,ECE26B074,2007-03-21,male,Nikhil Nair,9100000074,parent.saanvi.nair.074@scholaris.demo.edu,2026-27,BTECH,ECE,ECE Semester 1,B
Aditya Nair,aditya.nair.075@student.scholaris.demo.edu,aditya.nair.075,Demo@123,9000000075,ECE26A075,2007-04-22,female,Pranav Nair,9100000075,parent.aditya.nair.075@scholaris.demo.edu,2026-27,BTECH,ECE,ECE Semester 2,A
Ira Nair,ira.nair.076@student.scholaris.demo.edu,ira.nair.076,Demo@123,9000000076,ECE26B076,2007-05-23,male,Ritika Nair,9100000076,parent.ira.nair.076@scholaris.demo.edu,2026-27,BTECH,ECE,ECE Semester 2,B
Kabir Nair,kabir.nair.077@student.scholaris.demo.edu,kabir.nair.077,Demo@123,9000000077,MECH26A077,2007-06-24,female,Varun Nair,9100000077,parent.kabir.nair.077@scholaris.demo.edu,2026-27,BTECH,MECH,MECH Semester 1,A
Tara Nair,tara.nair.078@student.scholaris.demo.edu,tara.nair.078,Demo@123,9000000078,MECH26B078,2007-07-25,male,Sneha Nair,9100000078,parent.tara.nair.078@scholaris.demo.edu,2026-27,BTECH,MECH,MECH Semester 1,B
Reyansh Nair,reyansh.nair.079@student.scholaris.demo.edu,reyansh.nair.079,Demo@123,9000000079,MECH26A079,2007-08-26,female,Yash Nair,9100000079,parent.reyansh.nair.079@scholaris.demo.edu,2026-27,BTECH,MECH,MECH Semester 2,A
Myra Nair,myra.nair.080@student.scholaris.demo.edu,myra.nair.080,Demo@123,9000000080,MECH26B080,2007-09-27,male,Pooja Nair,9100000080,parent.myra.nair.080@scholaris.demo.edu,2026-27,BTECH,MECH,MECH Semester 2,B
Aisha Nair,aisha.nair.081@student.scholaris.demo.edu,aisha.nair.081,Demo@123,9000000081,CA26A081,2007-10-01,female,Harsh Nair,9100000081,parent.aisha.nair.081@scholaris.demo.edu,2026-27,BCA,CA,CA Semester 1,A
Nikhil Nair,nikhil.nair.082@student.scholaris.demo.edu,nikhil.nair.082,Demo@123,9000000082,CA26B082,2007-11-02,male,Neha Nair,9100000082,parent.nikhil.nair.082@scholaris.demo.edu,2026-27,BCA,CA,CA Semester 1,B
Pranav Nair,pranav.nair.083@student.scholaris.demo.edu,pranav.nair.083,Demo@123,9000000083,CA26A083,2007-12-03,female,Ananya Nair,9100000083,parent.pranav.nair.083@scholaris.demo.edu,2026-27,BCA,CA,CA Semester 2,A
Ritika Nair,ritika.nair.084@student.scholaris.demo.edu,ritika.nair.084,Demo@123,9000000084,CA26B084,2007-01-04,male,Rohan Nair,9100000084,parent.ritika.nair.084@scholaris.demo.edu,2026-27,BCA,CA,CA Semester 2,B
Varun Nair,varun.nair.085@student.scholaris.demo.edu,varun.nair.085,Demo@123,9000000085,BA26A085,2007-02-05,female,Meera Nair,9100000085,parent.varun.nair.085@scholaris.demo.edu,2026-27,BBA,BA,BA Semester 1,A
Sneha Nair,sneha.nair.086@student.scholaris.demo.edu,sneha.nair.086,Demo@123,9000000086,BA26B086,2007-03-06,male,Karthik Nair,9100000086,parent.sneha.nair.086@scholaris.demo.edu,2026-27,BBA,BA,BA Semester 1,B
Yash Nair,yash.nair.087@student.scholaris.demo.edu,yash.nair.087,Demo@123,9000000087,BA26A087,2007-04-07,female,Diya Nair,9100000087,parent.yash.nair.087@scholaris.demo.edu,2026-27,BBA,BA,BA Semester 2,A
Pooja Nair,pooja.nair.088@student.scholaris.demo.edu,pooja.nair.088,Demo@123,9000000088,BA26B088,2007-05-08,male,Arjun Nair,9100000088,parent.pooja.nair.088@scholaris.demo.edu,2026-27,BBA,BA,BA Semester 2,B
Harsh Nair,harsh.nair.089@student.scholaris.demo.edu,harsh.nair.089,Demo@123,9000000089,AT26A089,2007-06-09,female,Nisha Nair,9100000089,parent.harsh.nair.089@scholaris.demo.edu,2026-27,BCOM,AT,AT Semester 1,A
Neha Nair,neha.nair.090@student.scholaris.demo.edu,neha.nair.090,Demo@123,9000000090,AT26B090,2007-07-10,male,Dev Nair,9100000090,parent.neha.nair.090@scholaris.demo.edu,2026-27,BCOM,AT,AT Semester 1,B
Ananya Rao,ananya.rao.091@student.scholaris.demo.edu,ananya.rao.091,Demo@123,9000000091,AT26A091,2007-08-11,female,Sara Rao,9100000091,parent.ananya.rao.091@scholaris.demo.edu,2026-27,BCOM,AT,AT Semester 2,A
Rohan Rao,rohan.rao.092@student.scholaris.demo.edu,rohan.rao.092,Demo@123,9000000092,AT26B092,2007-09-12,male,Ishan Rao,9100000092,parent.rohan.rao.092@scholaris.demo.edu,2026-27,BCOM,AT,AT Semester 2,B
Meera Rao,meera.rao.093@student.scholaris.demo.edu,meera.rao.093,Demo@123,9000000093,SE26A093,2004-10-13,female,Aarav Rao,9100000093,parent.meera.rao.093@scholaris.demo.edu,2026-27,MCA,SE,SE Semester 1,A
Karthik Rao,karthik.rao.094@student.scholaris.demo.edu,karthik.rao.094,Demo@123,9000000094,SE26B094,2004-11-14,male,Kiara Rao,9100000094,parent.karthik.rao.094@scholaris.demo.edu,2026-27,MCA,SE,SE Semester 1,B
Diya Rao,diya.rao.095@student.scholaris.demo.edu,diya.rao.095,Demo@123,9000000095,SE26A095,2004-12-15,female,Vivaan Rao,9100000095,parent.diya.rao.095@scholaris.demo.edu,2026-27,MCA,SE,SE Semester 2,A
Arjun Rao,arjun.rao.096@student.scholaris.demo.edu,arjun.rao.096,Demo@123,9000000096,SE26B096,2004-01-16,male,Saanvi Rao,9100000096,parent.arjun.rao.096@scholaris.demo.edu,2026-27,MCA,SE,SE Semester 2,B
Nisha Rao,nisha.rao.097@student.scholaris.demo.edu,nisha.rao.097,Demo@123,9000000097,CSE26A097,2007-02-17,female,Aditya Rao,9100000097,parent.nisha.rao.097@scholaris.demo.edu,2026-27,BTECH,CSE,CSE Semester 1,A
Dev Rao,dev.rao.098@student.scholaris.demo.edu,dev.rao.098,Demo@123,9000000098,CSE26B098,2007-03-18,male,Ira Rao,9100000098,parent.dev.rao.098@scholaris.demo.edu,2026-27,BTECH,CSE,CSE Semester 1,B
Sara Rao,sara.rao.099@student.scholaris.demo.edu,sara.rao.099,Demo@123,9000000099,CSE26A099,2007-04-19,female,Kabir Rao,9100000099,parent.sara.rao.099@scholaris.demo.edu,2026-27,BTECH,CSE,CSE Semester 2,A
Ishan Rao,ishan.rao.100@student.scholaris.demo.edu,ishan.rao.100,Demo@123,9000000100,CSE26B100,2007-05-20,male,Tara Rao,9100000100,parent.ishan.rao.100@scholaris.demo.edu,2026-27,BTECH,CSE,CSE Semester 2,B
Aarav Rao,aarav.rao.101@student.scholaris.demo.edu,aarav.rao.101,Demo@123,9000000101,AIML26A101,2007-06-21,female,Reyansh Rao,9100000101,parent.aarav.rao.101@scholaris.demo.edu,2026-27,BTECH,AIML,AIML Semester 1,A
Kiara Rao,kiara.rao.102@student.scholaris.demo.edu,kiara.rao.102,Demo@123,9000000102,AIML26B102,2007-07-22,male,Myra Rao,9100000102,parent.kiara.rao.102@scholaris.demo.edu,2026-27,BTECH,AIML,AIML Semester 1,B
Vivaan Rao,vivaan.rao.103@student.scholaris.demo.edu,vivaan.rao.103,Demo@123,9000000103,AIML26A103,2007-08-23,female,Aisha Rao,9100000103,parent.vivaan.rao.103@scholaris.demo.edu,2026-27,BTECH,AIML,AIML Semester 2,A
Saanvi Rao,saanvi.rao.104@student.scholaris.demo.edu,saanvi.rao.104,Demo@123,9000000104,AIML26B104,2007-09-24,male,Nikhil Rao,9100000104,parent.saanvi.rao.104@scholaris.demo.edu,2026-27,BTECH,AIML,AIML Semester 2,B
Aditya Rao,aditya.rao.105@student.scholaris.demo.edu,aditya.rao.105,Demo@123,9000000105,ECE26A105,2007-10-25,female,Pranav Rao,9100000105,parent.aditya.rao.105@scholaris.demo.edu,2026-27,BTECH,ECE,ECE Semester 1,A
Ira Rao,ira.rao.106@student.scholaris.demo.edu,ira.rao.106,Demo@123,9000000106,ECE26B106,2007-11-26,male,Ritika Rao,9100000106,parent.ira.rao.106@scholaris.demo.edu,2026-27,BTECH,ECE,ECE Semester 1,B
Kabir Rao,kabir.rao.107@student.scholaris.demo.edu,kabir.rao.107,Demo@123,9000000107,ECE26A107,2007-12-27,female,Varun Rao,9100000107,parent.kabir.rao.107@scholaris.demo.edu,2026-27,BTECH,ECE,ECE Semester 2,A
Tara Rao,tara.rao.108@student.scholaris.demo.edu,tara.rao.108,Demo@123,9000000108,ECE26B108,2007-01-01,male,Sneha Rao,9100000108,parent.tara.rao.108@scholaris.demo.edu,2026-27,BTECH,ECE,ECE Semester 2,B
Reyansh Rao,reyansh.rao.109@student.scholaris.demo.edu,reyansh.rao.109,Demo@123,9000000109,MECH26A109,2007-02-02,female,Yash Rao,9100000109,parent.reyansh.rao.109@scholaris.demo.edu,2026-27,BTECH,MECH,MECH Semester 1,A
Myra Rao,myra.rao.110@student.scholaris.demo.edu,myra.rao.110,Demo@123,9000000110,MECH26B110,2007-03-03,male,Pooja Rao,9100000110,parent.myra.rao.110@scholaris.demo.edu,2026-27,BTECH,MECH,MECH Semester 1,B
Aisha Rao,aisha.rao.111@student.scholaris.demo.edu,aisha.rao.111,Demo@123,9000000111,MECH26A111,2007-04-04,female,Harsh Rao,9100000111,parent.aisha.rao.111@scholaris.demo.edu,2026-27,BTECH,MECH,MECH Semester 2,A
Nikhil Rao,nikhil.rao.112@student.scholaris.demo.edu,nikhil.rao.112,Demo@123,9000000112,MECH26B112,2007-05-05,male,Neha Rao,9100000112,parent.nikhil.rao.112@scholaris.demo.edu,2026-27,BTECH,MECH,MECH Semester 2,B
Pranav Rao,pranav.rao.113@student.scholaris.demo.edu,pranav.rao.113,Demo@123,9000000113,CA26A113,2007-06-06,female,Ananya Rao,9100000113,parent.pranav.rao.113@scholaris.demo.edu,2026-27,BCA,CA,CA Semester 1,A
Ritika Rao,ritika.rao.114@student.scholaris.demo.edu,ritika.rao.114,Demo@123,9000000114,CA26B114,2007-07-07,male,Rohan Rao,9100000114,parent.ritika.rao.114@scholaris.demo.edu,2026-27,BCA,CA,CA Semester 1,B
Varun Rao,varun.rao.115@student.scholaris.demo.edu,varun.rao.115,Demo@123,9000000115,CA26A115,2007-08-08,female,Meera Rao,9100000115,parent.varun.rao.115@scholaris.demo.edu,2026-27,BCA,CA,CA Semester 2,A
Sneha Rao,sneha.rao.116@student.scholaris.demo.edu,sneha.rao.116,Demo@123,9000000116,CA26B116,2007-09-09,male,Karthik Rao,9100000116,parent.sneha.rao.116@scholaris.demo.edu,2026-27,BCA,CA,CA Semester 2,B
Yash Rao,yash.rao.117@student.scholaris.demo.edu,yash.rao.117,Demo@123,9000000117,BA26A117,2007-10-10,female,Diya Rao,9100000117,parent.yash.rao.117@scholaris.demo.edu,2026-27,BBA,BA,BA Semester 1,A
Pooja Rao,pooja.rao.118@student.scholaris.demo.edu,pooja.rao.118,Demo@123,9000000118,BA26B118,2007-11-11,male,Arjun Rao,9100000118,parent.pooja.rao.118@scholaris.demo.edu,2026-27,BBA,BA,BA Semester 1,B
Harsh Rao,harsh.rao.119@student.scholaris.demo.edu,harsh.rao.119,Demo@123,9000000119,BA26A119,2007-12-12,female,Nisha Rao,9100000119,parent.harsh.rao.119@scholaris.demo.edu,2026-27,BBA,BA,BA Semester 2,A
Neha Rao,neha.rao.120@student.scholaris.demo.edu,neha.rao.120,Demo@123,9000000120,BA26B120,2007-01-13,male,Dev Rao,9100000120,parent.neha.rao.120@scholaris.demo.edu,2026-27,BBA,BA,BA Semester 2,B
Ananya Patel,ananya.patel.121@student.scholaris.demo.edu,ananya.patel.121,Demo@123,9000000121,AT26A121,2007-02-14,female,Sara Patel,9100000121,parent.ananya.patel.121@scholaris.demo.edu,2026-27,BCOM,AT,AT Semester 1,A
Rohan Patel,rohan.patel.122@student.scholaris.demo.edu,rohan.patel.122,Demo@123,9000000122,AT26B122,2007-03-15,male,Ishan Patel,9100000122,parent.rohan.patel.122@scholaris.demo.edu,2026-27,BCOM,AT,AT Semester 1,B
Meera Patel,meera.patel.123@student.scholaris.demo.edu,meera.patel.123,Demo@123,9000000123,AT26A123,2007-04-16,female,Aarav Patel,9100000123,parent.meera.patel.123@scholaris.demo.edu,2026-27,BCOM,AT,AT Semester 2,A
Karthik Patel,karthik.patel.124@student.scholaris.demo.edu,karthik.patel.124,Demo@123,9000000124,AT26B124,2007-05-17,male,Kiara Patel,9100000124,parent.karthik.patel.124@scholaris.demo.edu,2026-27,BCOM,AT,AT Semester 2,B
Diya Patel,diya.patel.125@student.scholaris.demo.edu,diya.patel.125,Demo@123,9000000125,SE26A125,2004-06-18,female,Vivaan Patel,9100000125,parent.diya.patel.125@scholaris.demo.edu,2026-27,MCA,SE,SE Semester 1,A
Arjun Patel,arjun.patel.126@student.scholaris.demo.edu,arjun.patel.126,Demo@123,9000000126,SE26B126,2004-07-19,male,Saanvi Patel,9100000126,parent.arjun.patel.126@scholaris.demo.edu,2026-27,MCA,SE,SE Semester 1,B
Nisha Patel,nisha.patel.127@student.scholaris.demo.edu,nisha.patel.127,Demo@123,9000000127,SE26A127,2004-08-20,female,Aditya Patel,9100000127,parent.nisha.patel.127@scholaris.demo.edu,2026-27,MCA,SE,SE Semester 2,A
Dev Patel,dev.patel.128@student.scholaris.demo.edu,dev.patel.128,Demo@123,9000000128,SE26B128,2004-09-21,male,Ira Patel,9100000128,parent.dev.patel.128@scholaris.demo.edu,2026-27,MCA,SE,SE Semester 2,B
Sara Patel,sara.patel.129@student.scholaris.demo.edu,sara.patel.129,Demo@123,9000000129,CSE26A129,2007-10-22,female,Kabir Patel,9100000129,parent.sara.patel.129@scholaris.demo.edu,2026-27,BTECH,CSE,CSE Semester 1,A
Ishan Patel,ishan.patel.130@student.scholaris.demo.edu,ishan.patel.130,Demo@123,9000000130,CSE26B130,2007-11-23,male,Tara Patel,9100000130,parent.ishan.patel.130@scholaris.demo.edu,2026-27,BTECH,CSE,CSE Semester 1,B
Aarav Patel,aarav.patel.131@student.scholaris.demo.edu,aarav.patel.131,Demo@123,9000000131,CSE26A131,2007-12-24,female,Reyansh Patel,9100000131,parent.aarav.patel.131@scholaris.demo.edu,2026-27,BTECH,CSE,CSE Semester 2,A
Kiara Patel,kiara.patel.132@student.scholaris.demo.edu,kiara.patel.132,Demo@123,9000000132,CSE26B132,2007-01-25,male,Myra Patel,9100000132,parent.kiara.patel.132@scholaris.demo.edu,2026-27,BTECH,CSE,CSE Semester 2,B
Vivaan Patel,vivaan.patel.133@student.scholaris.demo.edu,vivaan.patel.133,Demo@123,9000000133,AIML26A133,2007-02-26,female,Aisha Patel,9100000133,parent.vivaan.patel.133@scholaris.demo.edu,2026-27,BTECH,AIML,AIML Semester 1,A
Saanvi Patel,saanvi.patel.134@student.scholaris.demo.edu,saanvi.patel.134,Demo@123,9000000134,AIML26B134,2007-03-27,male,Nikhil Patel,9100000134,parent.saanvi.patel.134@scholaris.demo.edu,2026-27,BTECH,AIML,AIML Semester 1,B
Aditya Patel,aditya.patel.135@student.scholaris.demo.edu,aditya.patel.135,Demo@123,9000000135,AIML26A135,2007-04-01,female,Pranav Patel,9100000135,parent.aditya.patel.135@scholaris.demo.edu,2026-27,BTECH,AIML,AIML Semester 2,A
Ira Patel,ira.patel.136@student.scholaris.demo.edu,ira.patel.136,Demo@123,9000000136,AIML26B136,2007-05-02,male,Ritika Patel,9100000136,parent.ira.patel.136@scholaris.demo.edu,2026-27,BTECH,AIML,AIML Semester 2,B
Kabir Patel,kabir.patel.137@student.scholaris.demo.edu,kabir.patel.137,Demo@123,9000000137,ECE26A137,2007-06-03,female,Varun Patel,9100000137,parent.kabir.patel.137@scholaris.demo.edu,2026-27,BTECH,ECE,ECE Semester 1,A
Tara Patel,tara.patel.138@student.scholaris.demo.edu,tara.patel.138,Demo@123,9000000138,ECE26B138,2007-07-04,male,Sneha Patel,9100000138,parent.tara.patel.138@scholaris.demo.edu,2026-27,BTECH,ECE,ECE Semester 1,B
Reyansh Patel,reyansh.patel.139@student.scholaris.demo.edu,reyansh.patel.139,Demo@123,9000000139,ECE26A139,2007-08-05,female,Yash Patel,9100000139,parent.reyansh.patel.139@scholaris.demo.edu,2026-27,BTECH,ECE,ECE Semester 2,A
Myra Patel,myra.patel.140@student.scholaris.demo.edu,myra.patel.140,Demo@123,9000000140,ECE26B140,2007-09-06,male,Pooja Patel,9100000140,parent.myra.patel.140@scholaris.demo.edu,2026-27,BTECH,ECE,ECE Semester 2,B
Aisha Patel,aisha.patel.141@student.scholaris.demo.edu,aisha.patel.141,Demo@123,9000000141,MECH26A141,2007-10-07,female,Harsh Patel,9100000141,parent.aisha.patel.141@scholaris.demo.edu,2026-27,BTECH,MECH,MECH Semester 1,A
Nikhil Patel,nikhil.patel.142@student.scholaris.demo.edu,nikhil.patel.142,Demo@123,9000000142,MECH26B142,2007-11-08,male,Neha Patel,9100000142,parent.nikhil.patel.142@scholaris.demo.edu,2026-27,BTECH,MECH,MECH Semester 1,B
Pranav Patel,pranav.patel.143@student.scholaris.demo.edu,pranav.patel.143,Demo@123,9000000143,MECH26A143,2007-12-09,female,Ananya Patel,9100000143,parent.pranav.patel.143@scholaris.demo.edu,2026-27,BTECH,MECH,MECH Semester 2,A
Ritika Patel,ritika.patel.144@student.scholaris.demo.edu,ritika.patel.144,Demo@123,9000000144,MECH26B144,2007-01-10,male,Rohan Patel,9100000144,parent.ritika.patel.144@scholaris.demo.edu,2026-27,BTECH,MECH,MECH Semester 2,B
Varun Patel,varun.patel.145@student.scholaris.demo.edu,varun.patel.145,Demo@123,9000000145,CA26A145,2007-02-11,female,Meera Patel,9100000145,parent.varun.patel.145@scholaris.demo.edu,2026-27,BCA,CA,CA Semester 1,A
Sneha Patel,sneha.patel.146@student.scholaris.demo.edu,sneha.patel.146,Demo@123,9000000146,CA26B146,2007-03-12,male,Karthik Patel,9100000146,parent.sneha.patel.146@scholaris.demo.edu,2026-27,BCA,CA,CA Semester 1,B
Yash Patel,yash.patel.147@student.scholaris.demo.edu,yash.patel.147,Demo@123,9000000147,CA26A147,2007-04-13,female,Diya Patel,9100000147,parent.yash.patel.147@scholaris.demo.edu,2026-27,BCA,CA,CA Semester 2,A
Pooja Patel,pooja.patel.148@student.scholaris.demo.edu,pooja.patel.148,Demo@123,9000000148,CA26B148,2007-05-14,male,Arjun Patel,9100000148,parent.pooja.patel.148@scholaris.demo.edu,2026-27,BCA,CA,CA Semester 2,B
Harsh Patel,harsh.patel.149@student.scholaris.demo.edu,harsh.patel.149,Demo@123,9000000149,BA26A149,2007-06-15,female,Nisha Patel,9100000149,parent.harsh.patel.149@scholaris.demo.edu,2026-27,BBA,BA,BA Semester 1,A
Neha Patel,neha.patel.150@student.scholaris.demo.edu,neha.patel.150,Demo@123,9000000150,BA26B150,2007-07-16,male,Dev Patel,9100000150,parent.neha.patel.150@scholaris.demo.edu,2026-27,BBA,BA,BA Semester 1,B
Ananya Reddy,ananya.reddy.151@student.scholaris.demo.edu,ananya.reddy.151,Demo@123,9000000151,BA26A151,2007-08-17,female,Sara Reddy,9100000151,parent.ananya.reddy.151@scholaris.demo.edu,2026-27,BBA,BA,BA Semester 2,A
Rohan Reddy,rohan.reddy.152@student.scholaris.demo.edu,rohan.reddy.152,Demo@123,9000000152,BA26B152,2007-09-18,male,Ishan Reddy,9100000152,parent.rohan.reddy.152@scholaris.demo.edu,2026-27,BBA,BA,BA Semester 2,B
Meera Reddy,meera.reddy.153@student.scholaris.demo.edu,meera.reddy.153,Demo@123,9000000153,AT26A153,2007-10-19,female,Aarav Reddy,9100000153,parent.meera.reddy.153@scholaris.demo.edu,2026-27,BCOM,AT,AT Semester 1,A
Karthik Reddy,karthik.reddy.154@student.scholaris.demo.edu,karthik.reddy.154,Demo@123,9000000154,AT26B154,2007-11-20,male,Kiara Reddy,9100000154,parent.karthik.reddy.154@scholaris.demo.edu,2026-27,BCOM,AT,AT Semester 1,B
Diya Reddy,diya.reddy.155@student.scholaris.demo.edu,diya.reddy.155,Demo@123,9000000155,AT26A155,2007-12-21,female,Vivaan Reddy,9100000155,parent.diya.reddy.155@scholaris.demo.edu,2026-27,BCOM,AT,AT Semester 2,A
Arjun Reddy,arjun.reddy.156@student.scholaris.demo.edu,arjun.reddy.156,Demo@123,9000000156,AT26B156,2007-01-22,male,Saanvi Reddy,9100000156,parent.arjun.reddy.156@scholaris.demo.edu,2026-27,BCOM,AT,AT Semester 2,B
Nisha Reddy,nisha.reddy.157@student.scholaris.demo.edu,nisha.reddy.157,Demo@123,9000000157,SE26A157,2004-02-23,female,Aditya Reddy,9100000157,parent.nisha.reddy.157@scholaris.demo.edu,2026-27,MCA,SE,SE Semester 1,A
Dev Reddy,dev.reddy.158@student.scholaris.demo.edu,dev.reddy.158,Demo@123,9000000158,SE26B158,2004-03-24,male,Ira Reddy,9100000158,parent.dev.reddy.158@scholaris.demo.edu,2026-27,MCA,SE,SE Semester 1,B
Sara Reddy,sara.reddy.159@student.scholaris.demo.edu,sara.reddy.159,Demo@123,9000000159,SE26A159,2004-04-25,female,Kabir Reddy,9100000159,parent.sara.reddy.159@scholaris.demo.edu,2026-27,MCA,SE,SE Semester 2,A
Ishan Reddy,ishan.reddy.160@student.scholaris.demo.edu,ishan.reddy.160,Demo@123,9000000160,SE26B160,2004-05-26,male,Tara Reddy,9100000160,parent.ishan.reddy.160@scholaris.demo.edu,2026-27,MCA,SE,SE Semester 2,B
Aarav Reddy,aarav.reddy.161@student.scholaris.demo.edu,aarav.reddy.161,Demo@123,9000000161,CSE26A161,2007-06-27,female,Reyansh Reddy,9100000161,parent.aarav.reddy.161@scholaris.demo.edu,2026-27,BTECH,CSE,CSE Semester 1,A
Kiara Reddy,kiara.reddy.162@student.scholaris.demo.edu,kiara.reddy.162,Demo@123,9000000162,CSE26B162,2007-07-01,male,Myra Reddy,9100000162,parent.kiara.reddy.162@scholaris.demo.edu,2026-27,BTECH,CSE,CSE Semester 1,B
Vivaan Reddy,vivaan.reddy.163@student.scholaris.demo.edu,vivaan.reddy.163,Demo@123,9000000163,CSE26A163,2007-08-02,female,Aisha Reddy,9100000163,parent.vivaan.reddy.163@scholaris.demo.edu,2026-27,BTECH,CSE,CSE Semester 2,A
Saanvi Reddy,saanvi.reddy.164@student.scholaris.demo.edu,saanvi.reddy.164,Demo@123,9000000164,CSE26B164,2007-09-03,male,Nikhil Reddy,9100000164,parent.saanvi.reddy.164@scholaris.demo.edu,2026-27,BTECH,CSE,CSE Semester 2,B
Aditya Reddy,aditya.reddy.165@student.scholaris.demo.edu,aditya.reddy.165,Demo@123,9000000165,AIML26A165,2007-10-04,female,Pranav Reddy,9100000165,parent.aditya.reddy.165@scholaris.demo.edu,2026-27,BTECH,AIML,AIML Semester 1,A
Ira Reddy,ira.reddy.166@student.scholaris.demo.edu,ira.reddy.166,Demo@123,9000000166,AIML26B166,2007-11-05,male,Ritika Reddy,9100000166,parent.ira.reddy.166@scholaris.demo.edu,2026-27,BTECH,AIML,AIML Semester 1,B
Kabir Reddy,kabir.reddy.167@student.scholaris.demo.edu,kabir.reddy.167,Demo@123,9000000167,AIML26A167,2007-12-06,female,Varun Reddy,9100000167,parent.kabir.reddy.167@scholaris.demo.edu,2026-27,BTECH,AIML,AIML Semester 2,A
Tara Reddy,tara.reddy.168@student.scholaris.demo.edu,tara.reddy.168,Demo@123,9000000168,AIML26B168,2007-01-07,male,Sneha Reddy,9100000168,parent.tara.reddy.168@scholaris.demo.edu,2026-27,BTECH,AIML,AIML Semester 2,B
Reyansh Reddy,reyansh.reddy.169@student.scholaris.demo.edu,reyansh.reddy.169,Demo@123,9000000169,ECE26A169,2007-02-08,female,Yash Reddy,9100000169,parent.reyansh.reddy.169@scholaris.demo.edu,2026-27,BTECH,ECE,ECE Semester 1,A
Myra Reddy,myra.reddy.170@student.scholaris.demo.edu,myra.reddy.170,Demo@123,9000000170,ECE26B170,2007-03-09,male,Pooja Reddy,9100000170,parent.myra.reddy.170@scholaris.demo.edu,2026-27,BTECH,ECE,ECE Semester 1,B
Aisha Reddy,aisha.reddy.171@student.scholaris.demo.edu,aisha.reddy.171,Demo@123,9000000171,ECE26A171,2007-04-10,female,Harsh Reddy,9100000171,parent.aisha.reddy.171@scholaris.demo.edu,2026-27,BTECH,ECE,ECE Semester 2,A
Nikhil Reddy,nikhil.reddy.172@student.scholaris.demo.edu,nikhil.reddy.172,Demo@123,9000000172,ECE26B172,2007-05-11,male,Neha Reddy,9100000172,parent.nikhil.reddy.172@scholaris.demo.edu,2026-27,BTECH,ECE,ECE Semester 2,B
Pranav Reddy,pranav.reddy.173@student.scholaris.demo.edu,pranav.reddy.173,Demo@123,9000000173,MECH26A173,2007-06-12,female,Ananya Reddy,9100000173,parent.pranav.reddy.173@scholaris.demo.edu,2026-27,BTECH,MECH,MECH Semester 1,A
Ritika Reddy,ritika.reddy.174@student.scholaris.demo.edu,ritika.reddy.174,Demo@123,9000000174,MECH26B174,2007-07-13,male,Rohan Reddy,9100000174,parent.ritika.reddy.174@scholaris.demo.edu,2026-27,BTECH,MECH,MECH Semester 1,B
Varun Reddy,varun.reddy.175@student.scholaris.demo.edu,varun.reddy.175,Demo@123,9000000175,MECH26A175,2007-08-14,female,Meera Reddy,9100000175,parent.varun.reddy.175@scholaris.demo.edu,2026-27,BTECH,MECH,MECH Semester 2,A
Sneha Reddy,sneha.reddy.176@student.scholaris.demo.edu,sneha.reddy.176,Demo@123,9000000176,MECH26B176,2007-09-15,male,Karthik Reddy,9100000176,parent.sneha.reddy.176@scholaris.demo.edu,2026-27,BTECH,MECH,MECH Semester 2,B
Yash Reddy,yash.reddy.177@student.scholaris.demo.edu,yash.reddy.177,Demo@123,9000000177,CA26A177,2007-10-16,female,Diya Reddy,9100000177,parent.yash.reddy.177@scholaris.demo.edu,2026-27,BCA,CA,CA Semester 1,A
Pooja Reddy,pooja.reddy.178@student.scholaris.demo.edu,pooja.reddy.178,Demo@123,9000000178,CA26B178,2007-11-17,male,Arjun Reddy,9100000178,parent.pooja.reddy.178@scholaris.demo.edu,2026-27,BCA,CA,CA Semester 1,B
Harsh Reddy,harsh.reddy.179@student.scholaris.demo.edu,harsh.reddy.179,Demo@123,9000000179,CA26A179,2007-12-18,female,Nisha Reddy,9100000179,parent.harsh.reddy.179@scholaris.demo.edu,2026-27,BCA,CA,CA Semester 2,A
Neha Reddy,neha.reddy.180@student.scholaris.demo.edu,neha.reddy.180,Demo@123,9000000180,CA26B180,2007-01-19,male,Dev Reddy,9100000180,parent.neha.reddy.180@scholaris.demo.edu,2026-27,BCA,CA,CA Semester 2,B
